 X, Y, Escat_z(V/m) 
    0.00000E+00,    0.00000E+00,    0.26839E+04
    0.10000E+00,    0.00000E+00,    0.11366E+04
    0.61232E-17,    0.10000E+00,    0.21124E+03
   -0.10000E+00,    0.12246E-16,    0.20279E+04
    0.61232E-17,   -0.10000E+00,    0.29582E+04
    0.20000E+00,    0.00000E+00,    0.66337E+01
    0.17321E+00,    0.10000E+00,    0.15763E+02
    0.10000E+00,    0.17321E+00,    0.57742E+02
    0.12246E-16,    0.20000E+00,    0.11285E+01
   -0.10000E+00,    0.17321E+00,    0.40331E+01
   -0.17321E+00,    0.10000E+00,    0.86983E+02
   -0.20000E+00,    0.24493E-16,    0.12418E+02
   -0.17321E+00,   -0.10000E+00,    0.20402E+03
   -0.10000E+00,   -0.17321E+00,    0.34306E+02
    0.12246E-16,   -0.20000E+00,    0.16435E+02
    0.10000E+00,   -0.17321E+00,    0.17033E+03
    0.17321E+00,   -0.10000E+00,    0.17628E+02
    0.30000E+00,    0.00000E+00,    0.64798E-01
    0.28191E+00,    0.10261E+00,    0.29859E-01
    0.22981E+00,    0.19284E+00,    0.75778E-01
    0.15000E+00,    0.25981E+00,    0.20469E+00
    0.52094E-01,    0.29544E+00,    0.22582E-01
   -0.52094E-01,    0.29544E+00,    0.54873E-01
   -0.15000E+00,    0.25981E+00,    0.67405E-01
   -0.22981E+00,    0.19284E+00,    0.18814E+00
   -0.28191E+00,    0.10261E+00,    0.20927E+00
   -0.30000E+00,    0.36739E-16,    0.10142E+00
   -0.28191E+00,   -0.10261E+00,    0.37053E+00
   -0.22981E+00,   -0.19284E+00,    0.43397E+00
   -0.15000E+00,   -0.25981E+00,    0.16539E+00
   -0.52094E-01,   -0.29544E+00,    0.77574E-01
    0.52094E-01,   -0.29544E+00,    0.32124E+00
    0.15000E+00,   -0.25981E+00,    0.74892E+00
    0.22981E+00,   -0.19284E+00,    0.33601E+00
    0.28191E+00,   -0.10261E+00,    0.37466E-01
    0.40000E+00,    0.00000E+00,    0.50960E-01
    0.38637E+00,    0.10353E+00,    0.42061E-01
    0.34641E+00,    0.20000E+00,    0.38213E-01
    0.28284E+00,    0.28284E+00,    0.40997E-01
    0.20000E+00,    0.34641E+00,    0.47168E-01
    0.10353E+00,    0.38637E+00,    0.36768E-01
    0.24493E-16,    0.40000E+00,    0.36037E-01
   -0.10353E+00,    0.38637E+00,    0.48199E-01
   -0.20000E+00,    0.34641E+00,    0.55635E-01
   -0.28284E+00,    0.28284E+00,    0.39413E-01
   -0.34641E+00,    0.20000E+00,    0.47204E-01
   -0.38637E+00,    0.10353E+00,    0.48854E-01
   -0.40000E+00,    0.48986E-16,    0.49704E-01
   -0.38637E+00,   -0.10353E+00,    0.36414E-01
   -0.34641E+00,   -0.20000E+00,    0.32925E-01
   -0.28284E+00,   -0.28284E+00,    0.29164E-01
   -0.20000E+00,   -0.34641E+00,    0.44229E-01
   -0.10353E+00,   -0.38637E+00,    0.37918E-01
    0.24493E-16,   -0.40000E+00,    0.33431E-01
    0.10353E+00,   -0.38637E+00,    0.43214E-01
    0.20000E+00,   -0.34641E+00,    0.54668E-01
    0.28284E+00,   -0.28284E+00,    0.49287E-01
    0.34641E+00,   -0.20000E+00,    0.43826E-01
    0.38637E+00,   -0.10353E+00,    0.47147E-01
    0.50000E+00,    0.00000E+00,    0.43910E-01
    0.48907E+00,    0.10396E+00,    0.32292E-01
    0.45677E+00,    0.20337E+00,    0.27694E-01
    0.40451E+00,    0.29389E+00,    0.36830E-01
    0.33457E+00,    0.37157E+00,    0.38297E-01
    0.25000E+00,    0.43301E+00,    0.36555E-01
    0.15451E+00,    0.47553E+00,    0.32124E-01
    0.52264E-01,    0.49726E+00,    0.33810E-01
   -0.52264E-01,    0.49726E+00,    0.32990E-01
   -0.15451E+00,    0.47553E+00,    0.35878E-01
   -0.25000E+00,    0.43301E+00,    0.41219E-01
   -0.33457E+00,    0.37157E+00,    0.50241E-01
   -0.40451E+00,    0.29389E+00,    0.45468E-01
   -0.45677E+00,    0.20337E+00,    0.36953E-01
   -0.48907E+00,    0.10396E+00,    0.39333E-01
   -0.50000E+00,    0.61232E-16,    0.42719E-01
   -0.48907E+00,   -0.10396E+00,    0.32622E-01
   -0.45677E+00,   -0.20337E+00,    0.28758E-01
   -0.40451E+00,   -0.29389E+00,    0.32548E-01
   -0.33457E+00,   -0.37157E+00,    0.38008E-01
   -0.25000E+00,   -0.43301E+00,    0.34272E-01
   -0.15451E+00,   -0.47553E+00,    0.34072E-01
   -0.52264E-01,   -0.49726E+00,    0.30777E-01
    0.52264E-01,   -0.49726E+00,    0.33427E-01
    0.15451E+00,   -0.47553E+00,    0.33343E-01
    0.25000E+00,   -0.43301E+00,    0.43377E-01
    0.33457E+00,   -0.37157E+00,    0.49381E-01
    0.40451E+00,   -0.29389E+00,    0.45055E-01
    0.45677E+00,   -0.20337E+00,    0.36567E-01
    0.48907E+00,   -0.10396E+00,    0.37612E-01
    0.60000E+00,    0.00000E+00,    0.39064E-01
    0.59088E+00,    0.10419E+00,    0.28998E-01
    0.56382E+00,    0.20521E+00,    0.26463E-01
    0.51962E+00,    0.30000E+00,    0.25151E-01
    0.45963E+00,    0.38567E+00,    0.25783E-01
    0.38567E+00,    0.45963E+00,    0.35552E-01
    0.30000E+00,    0.51962E+00,    0.33309E-01
    0.20521E+00,    0.56382E+00,    0.28654E-01
    0.10419E+00,    0.59088E+00,    0.27563E-01
    0.36739E-16,    0.60000E+00,    0.27714E-01
   -0.10419E+00,    0.59088E+00,    0.36073E-01
   -0.20521E+00,    0.56382E+00,    0.30706E-01
   -0.30000E+00,    0.51962E+00,    0.39746E-01
   -0.38567E+00,    0.45963E+00,    0.49570E-01
   -0.45963E+00,    0.38567E+00,    0.30309E-01
   -0.51962E+00,    0.30000E+00,    0.30648E-01
   -0.56382E+00,    0.20521E+00,    0.33717E-01
   -0.59088E+00,    0.10419E+00,    0.34594E-01
   -0.60000E+00,    0.73479E-16,    0.37366E-01
   -0.59088E+00,   -0.10419E+00,    0.26433E-01
   -0.56382E+00,   -0.20521E+00,    0.27032E-01
   -0.51962E+00,   -0.30000E+00,    0.24117E-01
   -0.45963E+00,   -0.38567E+00,    0.24973E-01
   -0.38567E+00,   -0.45963E+00,    0.38835E-01
   -0.30000E+00,   -0.51962E+00,    0.31532E-01
   -0.20521E+00,   -0.56382E+00,    0.27855E-01
   -0.10419E+00,   -0.59088E+00,    0.26867E-01
    0.36739E-16,   -0.60000E+00,    0.30806E-01
    0.10419E+00,   -0.59088E+00,    0.33358E-01
    0.20521E+00,   -0.56382E+00,    0.30361E-01
    0.30000E+00,   -0.51962E+00,    0.40564E-01
    0.38567E+00,   -0.45963E+00,    0.46057E-01
    0.45963E+00,   -0.38567E+00,    0.35780E-01
    0.51962E+00,   -0.30000E+00,    0.30944E-01
    0.56382E+00,   -0.20521E+00,    0.31873E-01
    0.59088E+00,   -0.10419E+00,    0.35022E-01
    0.70000E+00,    0.00000E+00,    0.27849E-01
    0.69218E+00,    0.10433E+00,    0.25441E-01
    0.66890E+00,    0.20633E+00,    0.30220E-01
    0.63068E+00,    0.30372E+00,    0.28572E-01
    0.57837E+00,    0.39432E+00,    0.18163E-01
    0.51314E+00,    0.47612E+00,    0.25908E-01
    0.43644E+00,    0.54728E+00,    0.33125E-01
    0.35000E+00,    0.60622E+00,    0.28637E-01
    0.25574E+00,    0.65161E+00,    0.21038E-01
    0.15576E+00,    0.68245E+00,    0.19958E-01
    0.52311E-01,    0.69804E+00,    0.27186E-01
   -0.52311E-01,    0.69804E+00,    0.32413E-01
   -0.15576E+00,    0.68245E+00,    0.26862E-01
   -0.25574E+00,    0.65161E+00,    0.26188E-01
   -0.35000E+00,    0.60622E+00,    0.36636E-01
   -0.43644E+00,    0.54728E+00,    0.39897E-01
   -0.51314E+00,    0.47612E+00,    0.31426E-01
   -0.57837E+00,    0.39432E+00,    0.22635E-01
   -0.63068E+00,    0.30372E+00,    0.33683E-01
   -0.66890E+00,    0.20633E+00,    0.34243E-01
   -0.69218E+00,    0.10433E+00,    0.29146E-01
   -0.70000E+00,    0.85725E-16,    0.27415E-01
   -0.69218E+00,   -0.10433E+00,    0.25583E-01
   -0.66890E+00,   -0.20633E+00,    0.28639E-01
   -0.63068E+00,   -0.30372E+00,    0.27859E-01
   -0.57837E+00,   -0.39432E+00,    0.18592E-01
   -0.51314E+00,   -0.47612E+00,    0.25877E-01
   -0.43644E+00,   -0.54728E+00,    0.31484E-01
   -0.35000E+00,   -0.60622E+00,    0.27178E-01
   -0.25574E+00,   -0.65161E+00,    0.21637E-01
   -0.15576E+00,   -0.68245E+00,    0.22126E-01
   -0.52311E-01,   -0.69804E+00,    0.23271E-01
    0.52311E-01,   -0.69804E+00,    0.33865E-01
    0.15576E+00,   -0.68245E+00,    0.25840E-01
    0.25574E+00,   -0.65161E+00,    0.26889E-01
    0.35000E+00,   -0.60622E+00,    0.33581E-01
    0.43644E+00,   -0.54728E+00,    0.41532E-01
    0.51314E+00,   -0.47612E+00,    0.33419E-01
    0.57837E+00,   -0.39432E+00,    0.23790E-01
    0.63068E+00,   -0.30372E+00,    0.33737E-01
    0.66890E+00,   -0.20633E+00,    0.35627E-01
    0.69218E+00,   -0.10433E+00,    0.28512E-01
    0.80000E+00,    0.00000E+00,    0.32760E-01
    0.79369E+00,    0.10027E+00,    0.25393E-01
    0.77487E+00,    0.19895E+00,    0.26606E-01
    0.74382E+00,    0.29450E+00,    0.26849E-01
    0.70105E+00,    0.38540E+00,    0.18129E-01
    0.64721E+00,    0.47023E+00,    0.25793E-01
    0.58317E+00,    0.54764E+00,    0.22511E-01
    0.50994E+00,    0.61641E+00,    0.23458E-01
    0.42866E+00,    0.67546E+00,    0.29849E-01
    0.34062E+00,    0.72386E+00,    0.23554E-01
    0.24721E+00,    0.76085E+00,    0.25386E-01
    0.14991E+00,    0.78583E+00,    0.23215E-01
    0.50232E-01,    0.79842E+00,    0.63034E-01
   -0.50232E-01,    0.79842E+00,    0.47779E-01
   -0.14991E+00,    0.78583E+00,    0.27590E-01
   -0.24721E+00,    0.76085E+00,    0.25809E-01
   -0.34062E+00,    0.72386E+00,    0.25279E-01
   -0.42866E+00,    0.67546E+00,    0.36493E-01
   -0.50994E+00,    0.61641E+00,    0.29564E-01
   -0.58317E+00,    0.54764E+00,    0.30666E-01
   -0.64721E+00,    0.47023E+00,    0.37878E-01
   -0.70105E+00,    0.38540E+00,    0.12045E-01
   -0.74382E+00,    0.29450E+00,    0.31626E-01
   -0.77487E+00,    0.19895E+00,    0.32220E-01
   -0.79369E+00,    0.10027E+00,    0.29625E-01
   -0.80000E+00,   -0.25730E-15,    0.32230E-01
   -0.79369E+00,   -0.10027E+00,    0.27005E-01
   -0.77487E+00,   -0.19895E+00,    0.28861E-01
   -0.74382E+00,   -0.29450E+00,    0.25028E-01
   -0.70105E+00,   -0.38540E+00,    0.25148E-01
   -0.64721E+00,   -0.47023E+00,    0.19948E-01
   -0.58317E+00,   -0.54764E+00,    0.22702E-01
   -0.50994E+00,   -0.61641E+00,    0.24833E-01
   -0.42866E+00,   -0.67546E+00,    0.30203E-01
   -0.34062E+00,   -0.72386E+00,    0.22901E-01
   -0.24721E+00,   -0.76085E+00,    0.24127E-01
   -0.14991E+00,   -0.78583E+00,    0.22161E-01
   -0.50232E-01,   -0.79842E+00,    0.48881E-01
    0.50232E-01,   -0.79842E+00,    0.69418E-01
    0.14991E+00,   -0.78583E+00,    0.28685E-01
    0.24721E+00,   -0.76085E+00,    0.27258E-01
    0.34062E+00,   -0.72386E+00,    0.25106E-01
    0.42866E+00,   -0.67546E+00,    0.34977E-01
    0.50994E+00,   -0.61641E+00,    0.31025E-01
    0.58317E+00,   -0.54764E+00,    0.29417E-01
    0.64721E+00,   -0.47023E+00,    0.62158E-02
    0.70105E+00,   -0.38540E+00,    0.32227E-01
    0.74382E+00,   -0.29450E+00,    0.29145E-01
    0.77487E+00,   -0.19895E+00,    0.32334E-01
    0.79369E+00,   -0.10027E+00,    0.29534E-01
    0.90000E+00,    0.00000E+00,    0.39076E-01
    0.89434E+00,    0.10077E+00,    0.16017E-01
    0.87744E+00,    0.20027E+00,    0.23382E-01
    0.84949E+00,    0.29725E+00,    0.23062E-01
    0.81087E+00,    0.39050E+00,    0.34594E-01
    0.76205E+00,    0.47883E+00,    0.45835E-01
    0.70365E+00,    0.56114E+00,    0.24055E-01
    0.63640E+00,    0.63640E+00,    0.12925E-01
    0.56114E+00,    0.70365E+00,    0.17987E-01
    0.47883E+00,    0.76205E+00,    0.29673E-01
    0.39050E+00,    0.81087E+00,    0.16276E-01
    0.29725E+00,    0.84949E+00,    0.21663E-01
    0.20027E+00,    0.87744E+00,    0.26779E-01
    0.10077E+00,    0.89434E+00,    0.52587E-01
    0.55109E-16,    0.90000E+00,    0.34796E-01
   -0.10077E+00,    0.89434E+00,    0.26789E-01
   -0.20027E+00,    0.87744E+00,    0.27659E-01
   -0.29725E+00,    0.84949E+00,    0.24121E-01
   -0.39050E+00,    0.81087E+00,    0.19564E-01
   -0.47883E+00,    0.76205E+00,    0.36890E-01
   -0.56114E+00,    0.70365E+00,    0.28370E-01
   -0.63640E+00,    0.63640E+00,    0.10731E-01
   -0.70365E+00,    0.56114E+00,    0.31333E-01
   -0.76205E+00,    0.47883E+00,    0.52440E-01
   -0.81087E+00,    0.39050E+00,    0.25761E-01
   -0.84949E+00,    0.29725E+00,    0.31483E-01
   -0.87744E+00,    0.20027E+00,    0.23705E-01
   -0.89434E+00,    0.10077E+00,    0.16538E-01
   -0.90000E+00,    0.11022E-15,    0.37460E-01
   -0.89434E+00,   -0.10077E+00,    0.22449E-01
   -0.87744E+00,   -0.20027E+00,    0.15706E-01
   -0.84949E+00,   -0.29725E+00,    0.24717E-01
   -0.81087E+00,   -0.39050E+00,    0.46803E-01
   -0.76205E+00,   -0.47883E+00,    0.39774E-01
   -0.70365E+00,   -0.56114E+00,    0.23811E-01
   -0.63640E+00,   -0.63640E+00,    0.13676E-01
   -0.56114E+00,   -0.70365E+00,    0.18306E-01
   -0.47883E+00,   -0.76205E+00,    0.28870E-01
   -0.39050E+00,   -0.81087E+00,    0.16690E-01
   -0.29725E+00,   -0.84949E+00,    0.19437E-01
   -0.20027E+00,   -0.87744E+00,    0.29000E-01
   -0.10077E+00,   -0.89434E+00,    0.27724E-01
    0.55109E-16,   -0.90000E+00,    0.44590E-01
    0.10077E+00,   -0.89434E+00,    0.26617E-01
    0.20027E+00,   -0.87744E+00,    0.27678E-01
    0.29725E+00,   -0.84949E+00,    0.19726E-01
    0.39050E+00,   -0.81087E+00,    0.21956E-01
    0.47883E+00,   -0.76205E+00,    0.34349E-01
    0.56114E+00,   -0.70365E+00,    0.16197E-01
    0.63640E+00,   -0.63640E+00,    0.21875E-01
    0.70365E+00,   -0.56114E+00,    0.31602E-01
    0.76205E+00,   -0.47883E+00,    0.36508E-01
    0.81087E+00,   -0.39050E+00,    0.60130E-01
    0.84949E+00,   -0.29725E+00,    0.28523E-01
    0.87744E+00,   -0.20027E+00,    0.21182E-01
    0.89434E+00,   -0.10077E+00,    0.20536E-01
    0.10000E+01,    0.00000E+00,    0.28135E-01
    0.99487E+00,    0.10117E+00,    0.11013E-01
    0.97953E+00,    0.20130E+00,    0.15955E-01
    0.95414E+00,    0.29936E+00,    0.14922E-01
    0.91896E+00,    0.39436E+00,    0.15696E-01
    0.87435E+00,    0.48530E+00,    0.61320E-01
    0.82076E+00,    0.57127E+00,    0.58405E-01
    0.75876E+00,    0.65137E+00,    0.16867E-01
    0.68897E+00,    0.72479E+00,    0.17900E-01
    0.61211E+00,    0.79078E+00,    0.19543E-01
    0.52896E+00,    0.84864E+00,    0.15299E-01
    0.44039E+00,    0.89780E+00,    0.15353E-01
    0.34731E+00,    0.93775E+00,    0.12929E-01
    0.25065E+00,    0.96808E+00,    0.27189E-01
    0.15143E+00,    0.98847E+00,    0.76686E-02
    0.50649E-01,    0.99872E+00,    0.47029E-01
   -0.50649E-01,    0.99872E+00,    0.33045E-01
   -0.15143E+00,    0.98847E+00,    0.27145E-01
   -0.25065E+00,    0.96808E+00,    0.11852E-01
   -0.34731E+00,    0.93775E+00,    0.17969E-01
   -0.44039E+00,    0.89780E+00,    0.17501E-01
   -0.52896E+00,    0.84864E+00,    0.20257E-01
   -0.61211E+00,    0.79078E+00,    0.22468E-01
   -0.68897E+00,    0.72479E+00,    0.35744E-01
   -0.75876E+00,    0.65137E+00,    0.93563E-02
   -0.82076E+00,    0.57127E+00,    0.80596E-01
   -0.87435E+00,    0.48530E+00,    0.55764E-01
   -0.91896E+00,    0.39436E+00,    0.28018E-01
   -0.95414E+00,    0.29936E+00,    0.10145E-01
   -0.97953E+00,    0.20130E+00,    0.20090E-01
   -0.99487E+00,    0.10117E+00,    0.17305E-01
   -0.10000E+01,    0.12246E-15,    0.29633E-01
   -0.99487E+00,   -0.10117E+00,    0.20182E-01
   -0.97953E+00,   -0.20130E+00,    0.11595E-01
   -0.95414E+00,   -0.29936E+00,    0.27240E-01
   -0.91896E+00,   -0.39436E+00,    0.16054E-01
   -0.87435E+00,   -0.48530E+00,    0.61704E-01
   -0.82076E+00,   -0.57127E+00,    0.63245E-01
   -0.75876E+00,   -0.65137E+00,    0.21734E-01
   -0.68897E+00,   -0.72479E+00,    0.29117E-01
   -0.61211E+00,   -0.79078E+00,    0.14927E-01
   -0.52896E+00,   -0.84864E+00,    0.16321E-01
   -0.44039E+00,   -0.89780E+00,    0.18112E-01
   -0.34731E+00,   -0.93775E+00,    0.16122E-01
   -0.25065E+00,   -0.96808E+00,    0.18809E-01
   -0.15143E+00,   -0.98847E+00,    0.25214E-01
   -0.50649E-01,   -0.99872E+00,    0.40342E-01
    0.50649E-01,   -0.99872E+00,    0.56742E-01
    0.15143E+00,   -0.98847E+00,    0.11488E-01
    0.25065E+00,   -0.96808E+00,    0.35258E-01
    0.34731E+00,   -0.93775E+00,    0.15806E-01
    0.44039E+00,   -0.89780E+00,    0.25515E-01
    0.52896E+00,   -0.84864E+00,    0.19886E-01
    0.61211E+00,   -0.79078E+00,    0.24278E-01
    0.68897E+00,   -0.72479E+00,    0.51478E-02
    0.75876E+00,   -0.65137E+00,    0.32296E-01
    0.82076E+00,   -0.57127E+00,    0.49547E-01
    0.87435E+00,   -0.48530E+00,    0.70867E-01
    0.91896E+00,   -0.39436E+00,    0.23083E-02
    0.95414E+00,   -0.29936E+00,    0.31486E-01
    0.97953E+00,   -0.20130E+00,    0.12000E-01
    0.99487E+00,   -0.10117E+00,    0.24887E-01
    0.11000E+01,    0.00000E+00,    0.30278E-02
    0.10953E+01,    0.10150E+00,    0.18140E-01
    0.10813E+01,    0.20212E+00,    0.12351E-01
    0.10580E+01,    0.30103E+00,    0.21410E-01
    0.10257E+01,    0.39737E+00,    0.30095E-01
    0.98468E+00,    0.49031E+00,    0.72580E-01
    0.93524E+00,    0.57908E+00,    0.63395E-01
    0.87782E+00,    0.66290E+00,    0.68714E-01
    0.81291E+00,    0.74107E+00,    0.79389E-01
    0.74107E+00,    0.81291E+00,    0.19769E-01
    0.66290E+00,    0.87782E+00,    0.13037E-01
    0.57908E+00,    0.93524E+00,    0.16092E-01
    0.49031E+00,    0.98468E+00,    0.12021E-01
    0.39737E+00,    0.10257E+01,    0.16261E-01
    0.30103E+00,    0.10580E+01,    0.17014E-01
    0.20212E+00,    0.10813E+01,    0.39134E-01
    0.10150E+00,    0.10953E+01,    0.42136E-01
    0.67356E-16,    0.11000E+01,    0.17431E-01
   -0.10150E+00,    0.10953E+01,    0.38753E-01
   -0.20212E+00,    0.10813E+01,    0.27024E-01
   -0.30103E+00,    0.10580E+01,    0.36545E-01
   -0.39737E+00,    0.10257E+01,    0.12315E-01
   -0.49031E+00,    0.98468E+00,    0.11914E-01
   -0.57908E+00,    0.93524E+00,    0.23935E-01
   -0.66290E+00,    0.87782E+00,    0.19448E-01
   -0.74107E+00,    0.81291E+00,    0.29564E-01
   -0.81291E+00,    0.74107E+00,    0.70490E-01
   -0.87782E+00,    0.66290E+00,    0.55914E-01
   -0.93524E+00,    0.57908E+00,    0.63160E-01
   -0.98468E+00,    0.49031E+00,    0.85161E-01
   -0.10257E+01,    0.39737E+00,    0.26602E-01
   -0.10580E+01,    0.30103E+00,    0.26083E-01
   -0.10813E+01,    0.20212E+00,    0.10560E-01
   -0.10953E+01,    0.10150E+00,    0.21812E-01
   -0.11000E+01,    0.13471E-15,    0.31320E-02
   -0.10953E+01,   -0.10150E+00,    0.13586E-01
   -0.10813E+01,   -0.20212E+00,    0.34944E-01
   -0.10580E+01,   -0.30103E+00,    0.16078E-01
   -0.10257E+01,   -0.39737E+00,    0.22422E-01
   -0.98468E+00,   -0.49031E+00,    0.43950E-01
   -0.93524E+00,   -0.57908E+00,    0.60655E-01
   -0.87782E+00,   -0.66290E+00,    0.63663E-01
   -0.81291E+00,   -0.74107E+00,    0.90265E-01
   -0.74107E+00,   -0.81291E+00,    0.18285E-01
   -0.66290E+00,   -0.87782E+00,    0.13838E-01
   -0.57908E+00,   -0.93524E+00,    0.16557E-01
   -0.49031E+00,   -0.98468E+00,    0.15175E-01
   -0.39737E+00,   -0.10257E+01,    0.20660E-01
   -0.30103E+00,   -0.10580E+01,    0.34629E-01
   -0.20212E+00,   -0.10813E+01,    0.31507E-01
   -0.10150E+00,   -0.10953E+01,    0.23698E-01
    0.67356E-16,   -0.11000E+01,    0.12001E-01
    0.10150E+00,   -0.10953E+01,    0.28637E-01
    0.20212E+00,   -0.10813E+01,    0.41878E-01
    0.30103E+00,   -0.10580E+01,    0.52868E-02
    0.39737E+00,   -0.10257E+01,    0.15973E-01
    0.49031E+00,   -0.98468E+00,    0.24908E-01
    0.57908E+00,   -0.93524E+00,    0.18967E-01
    0.66290E+00,   -0.87782E+00,    0.19864E-01
    0.74107E+00,   -0.81291E+00,    0.13771E-01
    0.81291E+00,   -0.74107E+00,    0.61193E-01
    0.87782E+00,   -0.66290E+00,    0.78593E-01
    0.93524E+00,   -0.57908E+00,    0.55884E-01
    0.98468E+00,   -0.49031E+00,    0.38655E-01
    0.10257E+01,   -0.39737E+00,    0.22081E-01
    0.10580E+01,   -0.30103E+00,    0.81979E-02
    0.10813E+01,   -0.20212E+00,    0.31127E-01
    0.10953E+01,   -0.10150E+00,    0.21919E-01
    0.12000E+01,    0.00000E+00,    0.13092E-02
    0.11957E+01,    0.10177E+00,    0.72367E-02
    0.11827E+01,    0.20280E+00,    0.92233E-02
    0.11613E+01,    0.30237E+00,    0.42135E-01
    0.11315E+01,    0.39977E+00,    0.18641E-01
    0.10935E+01,    0.49428E+00,    0.13790E-01
    0.10476E+01,    0.58523E+00,    0.16243E-01
    0.99421E+00,    0.67197E+00,    0.50774E-01
    0.93364E+00,    0.75386E+00,    0.38752E-01
    0.86635E+00,    0.83033E+00,    0.27468E-01
    0.79281E+00,    0.90081E+00,    0.28188E-01
    0.71356E+00,    0.96480E+00,    0.20434E-01
    0.62917E+00,    0.10218E+01,    0.85834E-02
    0.54024E+00,    0.10715E+01,    0.16555E-01
    0.44743E+00,    0.11135E+01,    0.23640E-01
    0.35139E+00,    0.11474E+01,    0.72660E-01
    0.25282E+00,    0.11731E+01,    0.10076E+00
    0.15242E+00,    0.11903E+01,    0.14167E-01
    0.50929E-01,    0.11989E+01,    0.22118E-01
   -0.50929E-01,    0.11989E+01,    0.48239E-01
   -0.15242E+00,    0.11903E+01,    0.19557E-01
   -0.25282E+00,    0.11731E+01,    0.10918E+00
   -0.35139E+00,    0.11474E+01,    0.57702E-01
   -0.44743E+00,    0.11135E+01,    0.15777E-01
   -0.54024E+00,    0.10715E+01,    0.46974E-02
   -0.62917E+00,    0.10218E+01,    0.16984E-01
   -0.71356E+00,    0.96480E+00,    0.18850E-01
   -0.79281E+00,    0.90081E+00,    0.47517E-02
   -0.86635E+00,    0.83033E+00,    0.20981E-01
   -0.93364E+00,    0.75386E+00,    0.18570E-01
   -0.99421E+00,    0.67197E+00,    0.56668E-01
   -0.10476E+01,    0.58523E+00,    0.14767E-01
   -0.10935E+01,    0.49428E+00,    0.10930E-01
   -0.11315E+01,    0.39977E+00,    0.20582E-01
   -0.11613E+01,    0.30237E+00,    0.37323E-01
   -0.11827E+01,    0.20280E+00,    0.11023E-01
   -0.11957E+01,    0.10177E+00,    0.22965E-01
   -0.12000E+01,    0.14696E-15,    0.30120E-02
   -0.11957E+01,   -0.10177E+00,    0.18884E-01
   -0.11827E+01,   -0.20280E+00,    0.19036E-01
   -0.11613E+01,   -0.30237E+00,    0.48516E-01
   -0.11315E+01,   -0.39977E+00,    0.37511E-01
   -0.10935E+01,   -0.49428E+00,    0.12733E-01
   -0.10476E+01,   -0.58523E+00,    0.10782E-01
   -0.99421E+00,   -0.67197E+00,    0.35443E-01
   -0.93364E+00,   -0.75386E+00,    0.55672E-01
   -0.86635E+00,   -0.83033E+00,    0.22549E-01
   -0.79281E+00,   -0.90081E+00,    0.13959E-01
   -0.71356E+00,   -0.96480E+00,    0.27484E-01
   -0.62917E+00,   -0.10218E+01,    0.19811E-01
   -0.54024E+00,   -0.10715E+01,    0.98565E-02
   -0.44743E+00,   -0.11135E+01,    0.25985E-01
   -0.35139E+00,   -0.11474E+01,    0.68969E-01
   -0.25282E+00,   -0.11731E+01,    0.55634E-01
   -0.15242E+00,   -0.11903E+01,    0.14571E-01
   -0.50929E-01,   -0.11989E+01,    0.50784E-01
    0.50929E-01,   -0.11989E+01,    0.16985E-01
    0.15242E+00,   -0.11903E+01,    0.12342E-01
    0.25282E+00,   -0.11731E+01,    0.99809E-01
    0.35139E+00,   -0.11474E+01,    0.10055E+00
    0.44743E+00,   -0.11135E+01,    0.18160E-01
    0.54024E+00,   -0.10715E+01,    0.21856E-01
    0.62917E+00,   -0.10218E+01,    0.81063E-02
    0.71356E+00,   -0.96480E+00,    0.18008E-01
    0.79281E+00,   -0.90081E+00,    0.44206E-01
    0.86635E+00,   -0.83033E+00,    0.30041E-01
    0.93364E+00,   -0.75386E+00,    0.67407E-01
    0.99421E+00,   -0.67197E+00,    0.30814E-01
    0.10476E+01,   -0.58523E+00,    0.76662E-02
    0.10935E+01,   -0.49428E+00,    0.19461E-01
    0.11315E+01,   -0.39977E+00,    0.43301E-01
    0.11613E+01,   -0.30237E+00,    0.38501E-01
    0.11827E+01,   -0.20280E+00,    0.23198E-01
    0.11957E+01,   -0.10177E+00,    0.21980E-01
    0.13000E+01,    0.00000E+00,    0.27773E+01
    0.12960E+01,    0.10200E+00,    0.24452E-02
    0.12840E+01,    0.20336E+00,    0.22258E+00
    0.12641E+01,    0.30348E+00,    0.23033E+00
    0.12364E+01,    0.40172E+00,    0.72354E-01
    0.12010E+01,    0.49749E+00,    0.65334E-01
    0.11583E+01,    0.59019E+00,    0.56190E-01
    0.11084E+01,    0.67925E+00,    0.66475E-01
    0.10517E+01,    0.76412E+00,    0.18372E+00
    0.98853E+00,    0.84428E+00,    0.18924E+00
    0.91924E+00,    0.91924E+00,    0.83908E-01
    0.84428E+00,    0.98853E+00,    0.78164E-01
    0.76412E+00,    0.10517E+01,    0.70428E-01
    0.67925E+00,    0.11084E+01,    0.79947E-01
    0.59019E+00,    0.11583E+01,    0.21752E+00
    0.49749E+00,    0.12010E+01,    0.18351E+00
    0.40172E+00,    0.12364E+01,    0.69744E-01
    0.30348E+00,    0.12641E+01,    0.10027E+00
    0.20336E+00,    0.12840E+01,    0.21229E+00
    0.10200E+00,    0.12960E+01,    0.62073E-01
    0.79602E-16,    0.13000E+01,    0.22245E+00
   -0.10200E+00,    0.12960E+01,    0.17539E+00
   -0.20336E+00,    0.12840E+01,    0.17454E+00
   -0.30348E+00,    0.12641E+01,    0.15366E+00
   -0.40172E+00,    0.12364E+01,    0.50815E-01
   -0.49749E+00,    0.12010E+01,    0.21693E+00
   -0.59019E+00,    0.11583E+01,    0.17213E+00
   -0.67925E+00,    0.11084E+01,    0.49978E-01
   -0.76412E+00,    0.10517E+01,    0.42252E-01
   -0.84428E+00,    0.98853E+00,    0.58090E-01
   -0.91924E+00,    0.91924E+00,    0.16876E-01
   -0.98853E+00,    0.84428E+00,    0.24241E+00
   -0.10517E+01,    0.76412E+00,    0.16135E+00
   -0.11084E+01,    0.67925E+00,    0.38516E-01
   -0.11583E+01,    0.59019E+00,    0.34158E-01
   -0.12010E+01,    0.49749E+00,    0.54043E-01
   -0.12364E+01,    0.40172E+00,    0.54853E-01
   -0.12641E+01,    0.30348E+00,    0.24103E+00
   -0.12840E+01,    0.20336E+00,    0.17229E+00
   -0.12960E+01,    0.10200E+00,    0.53398E-01
   -0.13000E+01,    0.15920E-15,    0.52487E-01
   -0.12960E+01,   -0.10200E+00,    0.51180E-01
   -0.12840E+01,   -0.20336E+00,    0.21731E+00
   -0.12641E+01,   -0.30348E+00,    0.16467E+00
   -0.12364E+01,   -0.40172E+00,    0.58518E-01
   -0.12010E+01,   -0.49749E+00,    0.49447E-01
   -0.11583E+01,   -0.59019E+00,    0.54969E-01
   -0.11084E+01,   -0.67925E+00,    0.62612E-01
   -0.10517E+01,   -0.76412E+00,    0.21030E+00
   -0.98853E+00,   -0.84428E+00,    0.19392E+00
   -0.91924E+00,   -0.91924E+00,    0.56714E-01
   -0.84428E+00,   -0.98853E+00,    0.71291E-01
   -0.76412E+00,   -0.10517E+01,    0.57486E-01
   -0.67925E+00,   -0.11084E+01,    0.66825E-01
   -0.59019E+00,   -0.11583E+01,    0.18926E+00
   -0.49749E+00,   -0.12010E+01,    0.22236E+00
   -0.40172E+00,   -0.12364E+01,    0.58026E-01
   -0.30348E+00,   -0.12641E+01,    0.15305E+00
   -0.20336E+00,   -0.12840E+01,    0.13217E+00
   -0.10200E+00,   -0.12960E+01,    0.57379E-01
    0.79602E-16,   -0.13000E+01,    0.15892E+00
    0.10200E+00,   -0.12960E+01,    0.23042E+00
    0.20336E+00,   -0.12840E+01,    0.23159E+00
    0.30348E+00,   -0.12641E+01,    0.16402E+00
    0.40172E+00,   -0.12364E+01,    0.46130E-01
    0.49749E+00,   -0.12010E+01,    0.14434E+00
    0.59019E+00,   -0.11583E+01,    0.22935E+00
    0.67925E+00,   -0.11084E+01,    0.48473E-01
    0.76412E+00,   -0.10517E+01,    0.45426E-01
    0.84428E+00,   -0.98853E+00,    0.43445E-01
    0.91924E+00,   -0.91924E+00,    0.62268E-01
    0.98853E+00,   -0.84428E+00,    0.17046E+00
    0.10517E+01,   -0.76412E+00,    0.23501E+00
    0.11084E+01,   -0.67925E+00,    0.51874E-01
    0.11583E+01,   -0.59019E+00,    0.46612E-01
    0.12010E+01,   -0.49749E+00,    0.34529E-01
    0.12364E+01,   -0.40172E+00,    0.51487E-01
    0.12641E+01,   -0.30348E+00,    0.17017E+00
    0.12840E+01,   -0.20336E+00,    0.23242E+00
    0.12960E+01,   -0.10200E+00,    0.63804E-01
    0.14000E+01,    0.00000E+00,    0.27486E+01
    0.13963E+01,    0.10219E+00,    0.27720E-01
    0.13851E+01,    0.20384E+00,    0.25704E-01
    0.13665E+01,    0.30440E+00,    0.56265E-01
    0.13406E+01,    0.40334E+00,    0.67902E-01
    0.13076E+01,    0.50012E+00,    0.76757E-01
    0.12676E+01,    0.59424E+00,    0.76737E-01
    0.12209E+01,    0.68518E+00,    0.78327E-01
    0.11676E+01,    0.77247E+00,    0.82339E-01
    0.11081E+01,    0.85564E+00,    0.26951E+00
    0.10427E+01,    0.93425E+00,    0.82979E-01
    0.97170E+00,    0.10079E+01,    0.80534E-01
    0.89554E+00,    0.10761E+01,    0.79634E-01
    0.81460E+00,    0.11386E+01,    0.79056E-01
    0.72932E+00,    0.11950E+01,    0.78293E-01
    0.64014E+00,    0.12451E+01,    0.81660E-01
    0.54755E+00,    0.12885E+01,    0.25847E+00
    0.45203E+00,    0.13250E+01,    0.79529E-01
    0.35411E+00,    0.13545E+01,    0.74900E-01
    0.25429E+00,    0.13767E+01,    0.73021E-01
    0.15312E+00,    0.13916E+01,    0.70548E-01
    0.51131E-01,    0.13991E+01,    0.69471E-01
   -0.51131E-01,    0.13991E+01,    0.23747E+00
   -0.15312E+00,    0.13916E+01,    0.68306E-01
   -0.25429E+00,    0.13767E+01,    0.62228E-01
   -0.35411E+00,    0.13545E+01,    0.59882E-01
   -0.45203E+00,    0.13250E+01,    0.58292E-01
   -0.54755E+00,    0.12885E+01,    0.22542E+00
   -0.64014E+00,    0.12451E+01,    0.59520E-01
   -0.72932E+00,    0.11950E+01,    0.53646E-01
   -0.81460E+00,    0.11386E+01,    0.57494E-01
   -0.89554E+00,    0.10761E+01,    0.57158E-01
   -0.97170E+00,    0.10079E+01,    0.57488E-01
   -0.10427E+01,    0.93425E+00,    0.59281E-01
   -0.11081E+01,    0.85564E+00,    0.18460E+00
   -0.11676E+01,    0.77247E+00,    0.59880E-01
   -0.12209E+01,    0.68518E+00,    0.58973E-01
   -0.12676E+01,    0.59424E+00,    0.60526E-01
   -0.13076E+01,    0.50012E+00,    0.62401E-01
   -0.13406E+01,    0.40334E+00,    0.66412E-01
   -0.13665E+01,    0.30440E+00,    0.19002E+00
   -0.13851E+01,    0.20384E+00,    0.70258E-01
   -0.13963E+01,    0.10219E+00,    0.70443E-01
   -0.14000E+01,    0.17145E-15,    0.67087E-01
   -0.13963E+01,   -0.10219E+00,    0.74045E-01
   -0.13851E+01,   -0.20384E+00,    0.79976E-01
   -0.13665E+01,   -0.30440E+00,    0.15158E+00
   -0.13406E+01,   -0.40334E+00,    0.81257E-01
   -0.13076E+01,   -0.50012E+00,    0.81986E-01
   -0.12676E+01,   -0.59424E+00,    0.84141E-01
   -0.12209E+01,   -0.68518E+00,    0.85472E-01
   -0.11676E+01,   -0.77247E+00,    0.89744E-01
   -0.11081E+01,   -0.85564E+00,    0.15549E+00
   -0.10427E+01,   -0.93425E+00,    0.90397E-01
   -0.97170E+00,   -0.10079E+01,    0.87994E-01
   -0.89554E+00,   -0.10761E+01,    0.87860E-01
   -0.81460E+00,   -0.11386E+01,    0.86685E-01
   -0.72932E+00,   -0.11950E+01,    0.80489E-01
   -0.64014E+00,   -0.12451E+01,    0.87933E-01
   -0.54755E+00,   -0.12885E+01,    0.16838E+00
   -0.45203E+00,   -0.13250E+01,    0.85702E-01
   -0.35411E+00,   -0.13545E+01,    0.79729E-01
   -0.25429E+00,   -0.13767E+01,    0.77322E-01
   -0.15312E+00,   -0.13916E+01,    0.75353E-01
   -0.51131E-01,   -0.13991E+01,    0.74581E-01
    0.51131E-01,   -0.13991E+01,    0.16841E+00
    0.15312E+00,   -0.13916E+01,    0.71895E-01
    0.25429E+00,   -0.13767E+01,    0.66335E-01
    0.35411E+00,   -0.13545E+01,    0.64762E-01
    0.45203E+00,   -0.13250E+01,    0.63283E-01
    0.54755E+00,   -0.12885E+01,    0.16266E+00
    0.64014E+00,   -0.12451E+01,    0.62945E-01
    0.72932E+00,   -0.11950E+01,    0.54577E-01
    0.81460E+00,   -0.11386E+01,    0.56720E-01
    0.89554E+00,   -0.10761E+01,    0.56025E-01
    0.97170E+00,   -0.10079E+01,    0.55482E-01
    0.10427E+01,   -0.93425E+00,    0.58474E-01
    0.11081E+01,   -0.85564E+00,    0.20572E+00
    0.11676E+01,   -0.77247E+00,    0.57571E-01
    0.12209E+01,   -0.68518E+00,    0.57667E-01
    0.12676E+01,   -0.59424E+00,    0.58566E-01
    0.13076E+01,   -0.50012E+00,    0.59800E-01
    0.13406E+01,   -0.40334E+00,    0.64803E-01
    0.13665E+01,   -0.30440E+00,    0.21839E+00
    0.13851E+01,   -0.20384E+00,    0.64698E-01
    0.13963E+01,   -0.10219E+00,    0.21048E+01
    0.15000E+01,    0.00000E+00,    0.82627E-02
    0.14967E+01,    0.10019E+00,    0.73635E-01
    0.14866E+01,    0.19993E+00,    0.67640E-01
    0.14699E+01,    0.29878E+00,    0.36100E+01
    0.14467E+01,    0.39629E+00,    0.12712E-02
    0.14170E+01,    0.49204E+00,    0.27490E-02
    0.13810E+01,    0.58558E+00,    0.27367E-02
    0.13388E+01,    0.67652E+00,    0.27383E-02
    0.12906E+01,    0.76442E+00,    0.27640E-02
    0.12367E+01,    0.84892E+00,    0.28080E-02
    0.11772E+01,    0.92962E+00,    0.28514E-02
    0.11125E+01,    0.10062E+01,    0.29623E-02
    0.10428E+01,    0.10782E+01,    0.29621E-02
    0.96844E+00,    0.11455E+01,    0.29739E-02
    0.88977E+00,    0.12076E+01,    0.29500E-02
    0.80712E+00,    0.12643E+01,    0.29477E-02
    0.72087E+00,    0.13154E+01,    0.29808E-02
    0.63140E+00,    0.13606E+01,    0.28875E-02
    0.53911E+00,    0.13998E+01,    0.28573E-02
    0.44441E+00,    0.14327E+01,    0.28296E-02
    0.34773E+00,    0.14591E+01,    0.28237E-02
    0.24949E+00,    0.14791E+01,    0.28413E-02
    0.15014E+00,    0.14925E+01,    0.28812E-02
    0.50122E-01,    0.14992E+01,    0.29306E-02
   -0.50122E-01,    0.14992E+01,    0.29669E-02
   -0.15014E+00,    0.14925E+01,    0.29017E-02
   -0.24949E+00,    0.14791E+01,    0.28470E-02
   -0.34773E+00,    0.14591E+01,    0.28263E-02
   -0.44441E+00,    0.14327E+01,    0.28319E-02
   -0.53911E+00,    0.13998E+01,    0.28545E-02
   -0.63140E+00,    0.13606E+01,    0.29261E-02
   -0.72087E+00,    0.13154E+01,    0.30029E-02
   -0.80712E+00,    0.12643E+01,    0.30105E-02
   -0.88977E+00,    0.12076E+01,    0.30094E-02
   -0.96844E+00,    0.11455E+01,    0.30300E-02
   -0.10428E+01,    0.10782E+01,    0.30132E-02
   -0.11125E+01,    0.10062E+01,    0.30131E-02
   -0.11772E+01,    0.92962E+00,    0.29840E-02
   -0.12367E+01,    0.84892E+00,    0.28656E-02
   -0.12906E+01,    0.76442E+00,    0.28201E-02
   -0.13388E+01,    0.67652E+00,    0.28038E-02
   -0.13810E+01,    0.58558E+00,    0.28076E-02
   -0.14170E+01,    0.49204E+00,    0.28354E-02
   -0.14467E+01,    0.39629E+00,    0.29057E-02
   -0.14699E+01,    0.29878E+00,    0.29788E-02
   -0.14866E+01,    0.19993E+00,    0.30368E-02
   -0.14967E+01,    0.10019E+00,    0.31560E-02
   -0.15000E+01,    0.18370E-15,    0.31843E-02
   -0.14967E+01,   -0.10019E+00,    0.31032E-02
   -0.14866E+01,   -0.19993E+00,    0.30033E-02
   -0.14699E+01,   -0.29878E+00,    0.29251E-02
   -0.14467E+01,   -0.39629E+00,    0.28563E-02
   -0.14170E+01,   -0.49204E+00,    0.28404E-02
   -0.13810E+01,   -0.58558E+00,    0.28279E-02
   -0.13388E+01,   -0.67652E+00,    0.28334E-02
   -0.12906E+01,   -0.76442E+00,    0.28565E-02
   -0.12367E+01,   -0.84892E+00,    0.28935E-02
   -0.11772E+01,   -0.92962E+00,    0.29416E-02
   -0.11125E+01,   -0.10062E+01,    0.30497E-02
   -0.10428E+01,   -0.10782E+01,    0.30583E-02
   -0.96844E+00,   -0.11455E+01,    0.30750E-02
   -0.88977E+00,   -0.12076E+01,    0.30498E-02
   -0.80712E+00,   -0.12643E+01,    0.30414E-02
   -0.72087E+00,   -0.13154E+01,    0.30663E-02
   -0.63140E+00,   -0.13606E+01,    0.29688E-02
   -0.53911E+00,   -0.13998E+01,    0.29373E-02
   -0.44441E+00,   -0.14327E+01,    0.29071E-02
   -0.34773E+00,   -0.14591E+01,    0.29050E-02
   -0.24949E+00,   -0.14791E+01,    0.29186E-02
   -0.15014E+00,   -0.14925E+01,    0.29524E-02
   -0.50122E-01,   -0.14992E+01,    0.29995E-02
    0.50122E-01,   -0.14992E+01,    0.29678E-02
    0.15014E+00,   -0.14925E+01,    0.29530E-02
    0.24949E+00,   -0.14791E+01,    0.28997E-02
    0.34773E+00,   -0.14591E+01,    0.28723E-02
    0.44441E+00,   -0.14327E+01,    0.28654E-02
    0.53911E+00,   -0.13998E+01,    0.28851E-02
    0.63140E+00,   -0.13606E+01,    0.29584E-02
    0.72087E+00,   -0.13154E+01,    0.30285E-02
    0.80712E+00,   -0.12643E+01,    0.30246E-02
    0.88977E+00,   -0.12076E+01,    0.30160E-02
    0.96844E+00,   -0.11455E+01,    0.30322E-02
    0.10428E+01,   -0.10782E+01,    0.30103E-02
    0.11125E+01,   -0.10062E+01,    0.29984E-02
    0.11772E+01,   -0.92962E+00,    0.29716E-02
    0.12367E+01,   -0.84892E+00,    0.28604E-02
    0.12906E+01,   -0.76442E+00,    0.28052E-02
    0.13388E+01,   -0.67652E+00,    0.27797E-02
    0.13810E+01,   -0.58558E+00,    0.27785E-02
    0.14170E+01,   -0.49204E+00,    0.27975E-02
    0.14467E+01,   -0.39629E+00,    0.28667E-02
    0.14699E+01,   -0.29878E+00,    0.29521E-02
    0.14866E+01,   -0.19993E+00,    0.33440E-02
    0.14967E+01,   -0.10019E+00,    0.27131E+01
    0.16000E+01,    0.00000E+00,    0.30902E-02
    0.15968E+01,    0.10046E+00,    0.30309E-02
    0.15874E+01,    0.20053E+00,    0.29926E-02
    0.15717E+01,    0.29981E+00,    0.16010E-02
    0.15497E+01,    0.39790E+00,    0.25493E-02
    0.15217E+01,    0.49443E+00,    0.28306E-02
    0.14876E+01,    0.58900E+00,    0.27981E-02
    0.14477E+01,    0.68125E+00,    0.27783E-02
    0.14021E+01,    0.77081E+00,    0.27707E-02
    0.13509E+01,    0.85732E+00,    0.27752E-02
    0.12944E+01,    0.94046E+00,    0.27918E-02
    0.12328E+01,    0.10199E+01,    0.28205E-02
    0.11663E+01,    0.10953E+01,    0.28610E-02
    0.10953E+01,    0.11663E+01,    0.29135E-02
    0.10199E+01,    0.12328E+01,    0.29776E-02
    0.94046E+00,    0.12944E+01,    0.30531E-02
    0.85732E+00,    0.13509E+01,    0.31398E-02
    0.77081E+00,    0.14021E+01,    0.31724E-02
    0.68125E+00,    0.14477E+01,    0.31104E-02
    0.58900E+00,    0.14876E+01,    0.30240E-02
    0.49443E+00,    0.15217E+01,    0.29501E-02
    0.39790E+00,    0.15497E+01,    0.28890E-02
    0.29981E+00,    0.15717E+01,    0.28408E-02
    0.20053E+00,    0.15874E+01,    0.28055E-02
    0.10046E+00,    0.15968E+01,    0.27832E-02
   -0.25730E-15,    0.16000E+01,    0.27739E-02
   -0.10046E+00,    0.15968E+01,    0.27775E-02
   -0.20053E+00,    0.15874E+01,    0.27941E-02
   -0.29981E+00,    0.15717E+01,    0.28239E-02
   -0.39790E+00,    0.15497E+01,    0.28667E-02
   -0.49443E+00,    0.15217E+01,    0.29226E-02
   -0.58900E+00,    0.14876E+01,    0.29915E-02
   -0.68125E+00,    0.14477E+01,    0.30736E-02
   -0.77081E+00,    0.14021E+01,    0.31718E-02
   -0.85732E+00,    0.13509E+01,    0.31735E-02
   -0.94046E+00,    0.12944E+01,    0.30778E-02
   -0.10199E+01,    0.12328E+01,    0.29954E-02
   -0.10953E+01,    0.11663E+01,    0.29264E-02
   -0.11663E+01,    0.10953E+01,    0.28708E-02
   -0.12328E+01,    0.10199E+01,    0.28285E-02
   -0.12944E+01,    0.94046E+00,    0.27998E-02
   -0.13509E+01,    0.85732E+00,    0.27847E-02
   -0.14021E+01,    0.77081E+00,    0.27829E-02
   -0.14477E+01,    0.68125E+00,    0.27946E-02
   -0.14876E+01,    0.58900E+00,    0.28197E-02
   -0.15217E+01,    0.49443E+00,    0.28581E-02
   -0.15497E+01,    0.39790E+00,    0.29099E-02
   -0.15717E+01,    0.29981E+00,    0.29750E-02
   -0.15874E+01,    0.20053E+00,    0.30533E-02
   -0.15968E+01,    0.10046E+00,    0.31448E-02
   -0.16000E+01,   -0.51460E-15,    0.31569E-02
   -0.15968E+01,   -0.10046E+00,    0.30761E-02
   -0.15874E+01,   -0.20053E+00,    0.29969E-02
   -0.15717E+01,   -0.29981E+00,    0.29294E-02
   -0.15497E+01,   -0.39790E+00,    0.28737E-02
   -0.15217E+01,   -0.49443E+00,    0.28298E-02
   -0.14876E+01,   -0.58900E+00,    0.27980E-02
   -0.14477E+01,   -0.68125E+00,    0.27782E-02
   -0.14021E+01,   -0.77081E+00,    0.27705E-02
   -0.13509E+01,   -0.85732E+00,    0.27750E-02
   -0.12944E+01,   -0.94046E+00,    0.27916E-02
   -0.12328E+01,   -0.10199E+01,    0.28203E-02
   -0.11663E+01,   -0.10953E+01,    0.28609E-02
   -0.10953E+01,   -0.11663E+01,    0.29133E-02
   -0.10199E+01,   -0.12328E+01,    0.29774E-02
   -0.94046E+00,   -0.12944E+01,    0.30530E-02
   -0.85732E+00,   -0.13509E+01,    0.31397E-02
   -0.77081E+00,   -0.14021E+01,    0.31723E-02
   -0.68125E+00,   -0.14477E+01,    0.31103E-02
   -0.58900E+00,   -0.14876E+01,    0.30238E-02
   -0.49443E+00,   -0.15217E+01,    0.29499E-02
   -0.39790E+00,   -0.15497E+01,    0.28889E-02
   -0.29981E+00,   -0.15717E+01,    0.28407E-02
   -0.20053E+00,   -0.15874E+01,    0.28054E-02
   -0.10046E+00,   -0.15968E+01,    0.27831E-02
   -0.25730E-15,   -0.16000E+01,    0.27738E-02
    0.10046E+00,   -0.15968E+01,    0.27774E-02
    0.20053E+00,   -0.15874E+01,    0.27940E-02
    0.29981E+00,   -0.15717E+01,    0.28238E-02
    0.39790E+00,   -0.15497E+01,    0.28666E-02
    0.49443E+00,   -0.15217E+01,    0.29225E-02
    0.58900E+00,   -0.14876E+01,    0.29915E-02
    0.68125E+00,   -0.14477E+01,    0.30735E-02
    0.77081E+00,   -0.14021E+01,    0.31717E-02
    0.85732E+00,   -0.13509E+01,    0.31735E-02
    0.94046E+00,   -0.12944E+01,    0.30778E-02
    0.10199E+01,   -0.12328E+01,    0.29954E-02
    0.10953E+01,   -0.11663E+01,    0.29264E-02
    0.11663E+01,   -0.10953E+01,    0.28708E-02
    0.12328E+01,   -0.10199E+01,    0.28285E-02
    0.12944E+01,   -0.94046E+00,    0.27999E-02
    0.13509E+01,   -0.85732E+00,    0.27847E-02
    0.14021E+01,   -0.77081E+00,    0.27829E-02
    0.14477E+01,   -0.68125E+00,    0.27946E-02
    0.14876E+01,   -0.58900E+00,    0.28197E-02
    0.15217E+01,   -0.49443E+00,    0.28582E-02
    0.15497E+01,   -0.39790E+00,    0.29100E-02
    0.15717E+01,   -0.29981E+00,    0.29751E-02
    0.15874E+01,   -0.20053E+00,    0.28976E-02
    0.15968E+01,   -0.10046E+00,    0.15692E-02
    0.17000E+01,    0.00000E+00,    0.31584E-02
    0.16970E+01,    0.10071E+00,    0.30793E-02
    0.16881E+01,    0.20106E+00,    0.30036E-02
    0.16732E+01,    0.30071E+00,    0.29392E-02
    0.16524E+01,    0.39931E+00,    0.28837E-02
    0.16259E+01,    0.49650E+00,    0.28391E-02
    0.15936E+01,    0.59194E+00,    0.28055E-02
    0.15557E+01,    0.68531E+00,    0.27826E-02
    0.15124E+01,    0.77627E+00,    0.27705E-02
    0.14638E+01,    0.86450E+00,    0.27692E-02
    0.14100E+01,    0.94970E+00,    0.27788E-02
    0.13513E+01,    0.10316E+01,    0.27990E-02
    0.12878E+01,    0.11098E+01,    0.28301E-02
    0.12198E+01,    0.11841E+01,    0.28717E-02
    0.11475E+01,    0.12543E+01,    0.29239E-02
    0.10711E+01,    0.13201E+01,    0.29865E-02
    0.99107E+00,    0.13812E+01,    0.30592E-02
    0.90750E+00,    0.14375E+01,    0.31418E-02
    0.82075E+00,    0.14887E+01,    0.31740E-02
    0.73111E+00,    0.15348E+01,    0.31160E-02
    0.63891E+00,    0.15754E+01,    0.30330E-02
    0.54446E+00,    0.16105E+01,    0.29613E-02
    0.44810E+00,    0.16399E+01,    0.29010E-02
    0.35016E+00,    0.16635E+01,    0.28521E-02
    0.25100E+00,    0.16814E+01,    0.28146E-02
    0.15095E+00,    0.16933E+01,    0.27887E-02
    0.50377E-01,    0.16993E+01,    0.27744E-02
   -0.50377E-01,    0.16993E+01,    0.27717E-02
   -0.15095E+00,    0.16933E+01,    0.27806E-02
   -0.25100E+00,    0.16814E+01,    0.28011E-02
   -0.35016E+00,    0.16635E+01,    0.28333E-02
   -0.44810E+00,    0.16399E+01,    0.28771E-02
   -0.54446E+00,    0.16105E+01,    0.29326E-02
   -0.63891E+00,    0.15754E+01,    0.29998E-02
   -0.73111E+00,    0.15348E+01,    0.30787E-02
   -0.82075E+00,    0.14887E+01,    0.31732E-02
   -0.90750E+00,    0.14375E+01,    0.31760E-02
   -0.99107E+00,    0.13812E+01,    0.30846E-02
   -0.10711E+01,    0.13201E+01,    0.30051E-02
   -0.11475E+01,    0.12543E+01,    0.29376E-02
   -0.12198E+01,    0.11841E+01,    0.28820E-02
   -0.12878E+01,    0.11098E+01,    0.28385E-02
   -0.13513E+01,    0.10316E+01,    0.28069E-02
   -0.14100E+01,    0.94970E+00,    0.27874E-02
   -0.14638E+01,    0.86450E+00,    0.27799E-02
   -0.15124E+01,    0.77627E+00,    0.27843E-02
   -0.15557E+01,    0.68531E+00,    0.28008E-02
   -0.15936E+01,    0.59194E+00,    0.28292E-02
   -0.16259E+01,    0.49650E+00,    0.28695E-02
   -0.16524E+01,    0.39931E+00,    0.29217E-02
   -0.16732E+01,    0.30071E+00,    0.29857E-02
   -0.16881E+01,    0.20106E+00,    0.30615E-02
   -0.16970E+01,    0.10071E+00,    0.31490E-02
   -0.17000E+01,    0.20819E-15,    0.31584E-02
   -0.16970E+01,   -0.10071E+00,    0.30792E-02
   -0.16881E+01,   -0.20106E+00,    0.30035E-02
   -0.16732E+01,   -0.30071E+00,    0.29382E-02
   -0.16524E+01,   -0.39931E+00,    0.28834E-02
   -0.16259E+01,   -0.49650E+00,    0.28391E-02
   -0.15936E+01,   -0.59194E+00,    0.28055E-02
   -0.15557E+01,   -0.68531E+00,    0.27826E-02
   -0.15124E+01,   -0.77627E+00,    0.27705E-02
   -0.14638E+01,   -0.86450E+00,    0.27692E-02
   -0.14100E+01,   -0.94970E+00,    0.27788E-02
   -0.13513E+01,   -0.10316E+01,    0.27990E-02
   -0.12878E+01,   -0.11098E+01,    0.28301E-02
   -0.12198E+01,   -0.11841E+01,    0.28717E-02
   -0.11475E+01,   -0.12543E+01,    0.29239E-02
   -0.10711E+01,   -0.13201E+01,    0.29865E-02
   -0.99107E+00,   -0.13812E+01,    0.30592E-02
   -0.90750E+00,   -0.14375E+01,    0.31418E-02
   -0.82075E+00,   -0.14887E+01,    0.31740E-02
   -0.73111E+00,   -0.15348E+01,    0.31160E-02
   -0.63891E+00,   -0.15754E+01,    0.30330E-02
   -0.54446E+00,   -0.16105E+01,    0.29613E-02
   -0.44810E+00,   -0.16399E+01,    0.29010E-02
   -0.35016E+00,   -0.16635E+01,    0.28521E-02
   -0.25100E+00,   -0.16814E+01,    0.28146E-02
   -0.15095E+00,   -0.16933E+01,    0.27887E-02
   -0.50377E-01,   -0.16993E+01,    0.27744E-02
    0.50377E-01,   -0.16993E+01,    0.27717E-02
    0.15095E+00,   -0.16933E+01,    0.27806E-02
    0.25100E+00,   -0.16814E+01,    0.28011E-02
    0.35016E+00,   -0.16635E+01,    0.28333E-02
    0.44810E+00,   -0.16399E+01,    0.28771E-02
    0.54446E+00,   -0.16105E+01,    0.29326E-02
    0.63891E+00,   -0.15754E+01,    0.29998E-02
    0.73111E+00,   -0.15348E+01,    0.30787E-02
    0.82075E+00,   -0.14887E+01,    0.31732E-02
    0.90750E+00,   -0.14375E+01,    0.31760E-02
    0.99107E+00,   -0.13812E+01,    0.30846E-02
    0.10711E+01,   -0.13201E+01,    0.30051E-02
    0.11475E+01,   -0.12543E+01,    0.29376E-02
    0.12198E+01,   -0.11841E+01,    0.28820E-02
    0.12878E+01,   -0.11098E+01,    0.28385E-02
    0.13513E+01,   -0.10316E+01,    0.28069E-02
    0.14100E+01,   -0.94970E+00,    0.27874E-02
    0.14638E+01,   -0.86450E+00,    0.27799E-02
    0.15124E+01,   -0.77627E+00,    0.27843E-02
    0.15557E+01,   -0.68531E+00,    0.28008E-02
    0.15936E+01,   -0.59194E+00,    0.28292E-02
    0.16259E+01,   -0.49650E+00,    0.28695E-02
    0.16524E+01,   -0.39931E+00,    0.29217E-02
    0.16732E+01,   -0.30071E+00,    0.29857E-02
    0.16881E+01,   -0.20106E+00,    0.30618E-02
    0.16970E+01,   -0.10071E+00,    0.31500E-02
    0.18000E+01,    0.00000E+00,    0.31596E-02
    0.17972E+01,    0.10093E+00,    0.30821E-02
    0.17887E+01,    0.20154E+00,    0.30096E-02
    0.17746E+01,    0.30151E+00,    0.29464E-02
    0.17549E+01,    0.40054E+00,    0.28926E-02
    0.17297E+01,    0.49830E+00,    0.28482E-02
    0.16990E+01,    0.59450E+00,    0.28134E-02
    0.16630E+01,    0.68883E+00,    0.27882E-02
    0.16217E+01,    0.78099E+00,    0.27726E-02
    0.15754E+01,    0.87069E+00,    0.27667E-02
    0.15241E+01,    0.95766E+00,    0.27705E-02
    0.14680E+01,    0.10416E+01,    0.27840E-02
    0.14073E+01,    0.11223E+01,    0.28072E-02
    0.13422E+01,    0.11994E+01,    0.28399E-02
    0.12728E+01,    0.12728E+01,    0.28822E-02
    0.11994E+01,    0.13422E+01,    0.29339E-02
    0.11223E+01,    0.14073E+01,    0.29948E-02
    0.10416E+01,    0.14680E+01,    0.30648E-02
    0.95766E+00,    0.15241E+01,    0.31437E-02
    0.87069E+00,    0.15754E+01,    0.31755E-02
    0.78099E+00,    0.16217E+01,    0.31211E-02
    0.68883E+00,    0.16630E+01,    0.30415E-02
    0.59450E+00,    0.16990E+01,    0.29719E-02
    0.49830E+00,    0.17297E+01,    0.29124E-02
    0.40054E+00,    0.17549E+01,    0.28632E-02
    0.30151E+00,    0.17746E+01,    0.28243E-02
    0.20154E+00,    0.17887E+01,    0.27958E-02
    0.10093E+00,    0.17972E+01,    0.27776E-02
    0.11022E-15,    0.18000E+01,    0.27698E-02
   -0.10093E+00,    0.17972E+01,    0.27724E-02
   -0.20154E+00,    0.17887E+01,    0.27854E-02
   -0.30151E+00,    0.17746E+01,    0.28089E-02
   -0.40054E+00,    0.17549E+01,    0.28428E-02
   -0.49830E+00,    0.17297E+01,    0.28872E-02
   -0.59450E+00,    0.16990E+01,    0.29420E-02
   -0.68883E+00,    0.16630E+01,    0.30074E-02
   -0.78099E+00,    0.16217E+01,    0.30833E-02
   -0.87069E+00,    0.15754E+01,    0.31745E-02
   -0.95766E+00,    0.15241E+01,    0.31782E-02
   -0.10416E+01,    0.14680E+01,    0.30909E-02
   -0.11223E+01,    0.14073E+01,    0.30142E-02
   -0.11994E+01,    0.13422E+01,    0.29482E-02
   -0.12728E+01,    0.12728E+01,    0.28930E-02
   -0.13422E+01,    0.11994E+01,    0.28486E-02
   -0.14073E+01,    0.11223E+01,    0.28149E-02
   -0.14680E+01,    0.10416E+01,    0.27920E-02
   -0.15241E+01,    0.95766E+00,    0.27799E-02
   -0.15754E+01,    0.87069E+00,    0.27786E-02
   -0.16217E+01,    0.78099E+00,    0.27880E-02
   -0.16630E+01,    0.68883E+00,    0.28082E-02
   -0.16990E+01,    0.59450E+00,    0.28390E-02
   -0.17297E+01,    0.49830E+00,    0.28806E-02
   -0.17549E+01,    0.40054E+00,    0.29328E-02
   -0.17746E+01,    0.30151E+00,    0.29956E-02
   -0.17887E+01,    0.20154E+00,    0.30689E-02
   -0.17972E+01,    0.10093E+00,    0.31528E-02
   -0.18000E+01,    0.22044E-15,    0.31596E-02
   -0.17972E+01,   -0.10093E+00,    0.30821E-02
   -0.17887E+01,   -0.20154E+00,    0.30096E-02
   -0.17746E+01,   -0.30151E+00,    0.29464E-02
   -0.17549E+01,   -0.40054E+00,    0.28926E-02
   -0.17297E+01,   -0.49830E+00,    0.28482E-02
   -0.16990E+01,   -0.59450E+00,    0.28134E-02
   -0.16630E+01,   -0.68883E+00,    0.27882E-02
   -0.16217E+01,   -0.78099E+00,    0.27726E-02
   -0.15754E+01,   -0.87069E+00,    0.27667E-02
   -0.15241E+01,   -0.95766E+00,    0.27705E-02
   -0.14680E+01,   -0.10416E+01,    0.27840E-02
   -0.14073E+01,   -0.11223E+01,    0.28072E-02
   -0.13422E+01,   -0.11994E+01,    0.28399E-02
   -0.12728E+01,   -0.12728E+01,    0.28822E-02
   -0.11994E+01,   -0.13422E+01,    0.29339E-02
   -0.11223E+01,   -0.14073E+01,    0.29948E-02
   -0.10416E+01,   -0.14680E+01,    0.30648E-02
   -0.95766E+00,   -0.15241E+01,    0.31437E-02
   -0.87069E+00,   -0.15754E+01,    0.31755E-02
   -0.78099E+00,   -0.16217E+01,    0.31211E-02
   -0.68883E+00,   -0.16630E+01,    0.30415E-02
   -0.59450E+00,   -0.16990E+01,    0.29719E-02
   -0.49830E+00,   -0.17297E+01,    0.29124E-02
   -0.40054E+00,   -0.17549E+01,    0.28632E-02
   -0.30151E+00,   -0.17746E+01,    0.28243E-02
   -0.20154E+00,   -0.17887E+01,    0.27958E-02
   -0.10093E+00,   -0.17972E+01,    0.27776E-02
    0.11022E-15,   -0.18000E+01,    0.27698E-02
    0.10093E+00,   -0.17972E+01,    0.27724E-02
    0.20154E+00,   -0.17887E+01,    0.27854E-02
    0.30151E+00,   -0.17746E+01,    0.28089E-02
    0.40054E+00,   -0.17549E+01,    0.28428E-02
    0.49830E+00,   -0.17297E+01,    0.28872E-02
    0.59450E+00,   -0.16990E+01,    0.29420E-02
    0.68883E+00,   -0.16630E+01,    0.30074E-02
    0.78099E+00,   -0.16217E+01,    0.30833E-02
    0.87069E+00,   -0.15754E+01,    0.31745E-02
    0.95766E+00,   -0.15241E+01,    0.31782E-02
    0.10416E+01,   -0.14680E+01,    0.30909E-02
    0.11223E+01,   -0.14073E+01,    0.30142E-02
    0.11994E+01,   -0.13422E+01,    0.29482E-02
    0.12728E+01,   -0.12728E+01,    0.28930E-02
    0.13422E+01,   -0.11994E+01,    0.28486E-02
    0.14073E+01,   -0.11223E+01,    0.28149E-02
    0.14680E+01,   -0.10416E+01,    0.27920E-02
    0.15241E+01,   -0.95766E+00,    0.27799E-02
    0.15754E+01,   -0.87069E+00,    0.27786E-02
    0.16217E+01,   -0.78099E+00,    0.27880E-02
    0.16630E+01,   -0.68883E+00,    0.28082E-02
    0.16990E+01,   -0.59450E+00,    0.28390E-02
    0.17297E+01,   -0.49830E+00,    0.28806E-02
    0.17549E+01,   -0.40054E+00,    0.29328E-02
    0.17746E+01,   -0.30151E+00,    0.29956E-02
    0.17887E+01,   -0.20154E+00,    0.30689E-02
    0.17972E+01,   -0.10093E+00,    0.31528E-02
    0.19000E+01,    0.00000E+00,    0.31601E-02
    0.18973E+01,    0.10112E+00,    0.30841E-02
    0.18892E+01,    0.20196E+00,    0.30146E-02
    0.18758E+01,    0.30222E+00,    0.29535E-02
    0.18571E+01,    0.40163E+00,    0.29008E-02
    0.18331E+01,    0.49989E+00,    0.28567E-02
    0.18039E+01,    0.59675E+00,    0.28211E-02
    0.17695E+01,    0.69191E+00,    0.27941E-02
    0.17302E+01,    0.78510E+00,    0.27759E-02
    0.16860E+01,    0.87608E+00,    0.27663E-02
    0.16370E+01,    0.96457E+00,    0.27655E-02
    0.15833E+01,    0.10503E+01,    0.27735E-02
    0.15252E+01,    0.11331E+01,    0.27901E-02
    0.14627E+01,    0.12127E+01,    0.28155E-02
    0.13961E+01,    0.12888E+01,    0.28494E-02
    0.13255E+01,    0.13613E+01,    0.28920E-02
    0.12512E+01,    0.14299E+01,    0.29429E-02
    0.11733E+01,    0.14944E+01,    0.30022E-02
    0.10921E+01,    0.15548E+01,    0.30697E-02
    0.10078E+01,    0.16107E+01,    0.31451E-02
    0.92065E+00,    0.16620E+01,    0.31764E-02
    0.83088E+00,    0.17087E+01,    0.31254E-02
    0.73877E+00,    0.17505E+01,    0.30488E-02
    0.64455E+00,    0.17873E+01,    0.29813E-02
    0.54851E+00,    0.18191E+01,    0.29228E-02
    0.45092E+00,    0.18457E+01,    0.28737E-02
    0.35205E+00,    0.18671E+01,    0.28338E-02
    0.25218E+00,    0.18832E+01,    0.28032E-02
    0.15159E+00,    0.18939E+01,    0.27819E-02
    0.50579E-01,    0.18993E+01,    0.27700E-02
   -0.50579E-01,    0.18993E+01,    0.27674E-02
   -0.15159E+00,    0.18939E+01,    0.27743E-02
   -0.25218E+00,    0.18832E+01,    0.27906E-02
   -0.35205E+00,    0.18671E+01,    0.28163E-02
   -0.45092E+00,    0.18457E+01,    0.28514E-02
   -0.54851E+00,    0.18191E+01,    0.28960E-02
   -0.64455E+00,    0.17873E+01,    0.29500E-02
   -0.73877E+00,    0.17505E+01,    0.30135E-02
   -0.83088E+00,    0.17087E+01,    0.30865E-02
   -0.92065E+00,    0.16620E+01,    0.31745E-02
   -0.10078E+01,    0.16107E+01,    0.31790E-02
   -0.10921E+01,    0.15548E+01,    0.30955E-02
   -0.11733E+01,    0.14944E+01,    0.30215E-02
   -0.12512E+01,    0.14299E+01,    0.29572E-02
   -0.13255E+01,    0.13613E+01,    0.29025E-02
   -0.13961E+01,    0.12888E+01,    0.28576E-02
   -0.14627E+01,    0.12127E+01,    0.28224E-02
   -0.15252E+01,    0.11331E+01,    0.27970E-02
   -0.15833E+01,    0.10503E+01,    0.27812E-02
   -0.16370E+01,    0.96457E+00,    0.27752E-02
   -0.16860E+01,    0.87608E+00,    0.27789E-02
   -0.17302E+01,    0.78510E+00,    0.27923E-02
   -0.17695E+01,    0.69191E+00,    0.28154E-02
   -0.18039E+01,    0.59675E+00,    0.28481E-02
   -0.18331E+01,    0.49989E+00,    0.28905E-02
   -0.18571E+01,    0.40163E+00,    0.29424E-02
   -0.18758E+01,    0.30222E+00,    0.30039E-02
   -0.18892E+01,    0.20196E+00,    0.30750E-02
   -0.18973E+01,    0.10112E+00,    0.31555E-02
   -0.19000E+01,    0.23268E-15,    0.31601E-02
   -0.18973E+01,   -0.10112E+00,    0.30841E-02
   -0.18892E+01,   -0.20196E+00,    0.30146E-02
   -0.18758E+01,   -0.30222E+00,    0.29535E-02
   -0.18571E+01,   -0.40163E+00,    0.29008E-02
   -0.18331E+01,   -0.49989E+00,    0.28567E-02
   -0.18039E+01,   -0.59675E+00,    0.28211E-02
   -0.17695E+01,   -0.69191E+00,    0.27941E-02
   -0.17302E+01,   -0.78510E+00,    0.27759E-02
   -0.16860E+01,   -0.87608E+00,    0.27663E-02
   -0.16370E+01,   -0.96457E+00,    0.27655E-02
   -0.15833E+01,   -0.10503E+01,    0.27735E-02
   -0.15252E+01,   -0.11331E+01,    0.27901E-02
   -0.14627E+01,   -0.12127E+01,    0.28155E-02
   -0.13961E+01,   -0.12888E+01,    0.28494E-02
   -0.13255E+01,   -0.13613E+01,    0.28920E-02
   -0.12512E+01,   -0.14299E+01,    0.29429E-02
   -0.11733E+01,   -0.14944E+01,    0.30022E-02
   -0.10921E+01,   -0.15548E+01,    0.30697E-02
   -0.10078E+01,   -0.16107E+01,    0.31451E-02
   -0.92065E+00,   -0.16620E+01,    0.31764E-02
   -0.83088E+00,   -0.17087E+01,    0.31254E-02
   -0.73877E+00,   -0.17505E+01,    0.30488E-02
   -0.64455E+00,   -0.17873E+01,    0.29813E-02
   -0.54851E+00,   -0.18191E+01,    0.29228E-02
   -0.45092E+00,   -0.18457E+01,    0.28737E-02
   -0.35205E+00,   -0.18671E+01,    0.28338E-02
   -0.25218E+00,   -0.18832E+01,    0.28032E-02
   -0.15159E+00,   -0.18939E+01,    0.27819E-02
   -0.50579E-01,   -0.18993E+01,    0.27700E-02
    0.50579E-01,   -0.18993E+01,    0.27674E-02
    0.15159E+00,   -0.18939E+01,    0.27743E-02
    0.25218E+00,   -0.18832E+01,    0.27906E-02
    0.35205E+00,   -0.18671E+01,    0.28163E-02
    0.45092E+00,   -0.18457E+01,    0.28514E-02
    0.54851E+00,   -0.18191E+01,    0.28960E-02
    0.64455E+00,   -0.17873E+01,    0.29500E-02
    0.73877E+00,   -0.17505E+01,    0.30135E-02
    0.83088E+00,   -0.17087E+01,    0.30865E-02
    0.92065E+00,   -0.16620E+01,    0.31745E-02
    0.10078E+01,   -0.16107E+01,    0.31790E-02
    0.10921E+01,   -0.15548E+01,    0.30955E-02
    0.11733E+01,   -0.14944E+01,    0.30215E-02
    0.12512E+01,   -0.14299E+01,    0.29572E-02
    0.13255E+01,   -0.13613E+01,    0.29025E-02
    0.13961E+01,   -0.12888E+01,    0.28576E-02
    0.14627E+01,   -0.12127E+01,    0.28224E-02
    0.15252E+01,   -0.11331E+01,    0.27970E-02
    0.15833E+01,   -0.10503E+01,    0.27812E-02
    0.16370E+01,   -0.96457E+00,    0.27752E-02
    0.16860E+01,   -0.87608E+00,    0.27789E-02
    0.17302E+01,   -0.78510E+00,    0.27923E-02
    0.17695E+01,   -0.69191E+00,    0.28154E-02
    0.18039E+01,   -0.59675E+00,    0.28481E-02
    0.18331E+01,   -0.49989E+00,    0.28905E-02
    0.18571E+01,   -0.40163E+00,    0.29424E-02
    0.18758E+01,   -0.30222E+00,    0.30039E-02
    0.18892E+01,   -0.20196E+00,    0.30750E-02
    0.18973E+01,   -0.10112E+00,    0.31555E-02
    0.20000E+01,    0.00000E+00,    0.16306E-02
    0.19974E+01,    0.10130E+00,    0.16672E-02
    0.19897E+01,    0.20234E+00,    0.16407E-02
    0.19769E+01,    0.30286E+00,    0.16182E-02
    0.19591E+01,    0.40260E+00,    0.15998E-02
    0.19362E+01,    0.50131E+00,    0.15852E-02
    0.19083E+01,    0.59873E+00,    0.15743E-02
    0.18755E+01,    0.69461E+00,    0.15670E-02
    0.18379E+01,    0.78871E+00,    0.15632E-02
    0.17956E+01,    0.88079E+00,    0.15626E-02
    0.17487E+01,    0.97060E+00,    0.15652E-02
    0.16973E+01,    0.10579E+01,    0.15709E-02
    0.16415E+01,    0.11425E+01,    0.15795E-02
    0.15816E+01,    0.12242E+01,    0.15910E-02
    0.15175E+01,    0.13027E+01,    0.16055E-02
    0.14496E+01,    0.13779E+01,    0.16229E-02
    0.13779E+01,    0.14496E+01,    0.16432E-02
    0.13027E+01,    0.15175E+01,    0.16665E-02
    0.12242E+01,    0.15816E+01,    0.16929E-02
    0.11425E+01,    0.16415E+01,    0.17225E-02
    0.10579E+01,    0.16973E+01,    0.17553E-02
    0.97060E+00,    0.17487E+01,    0.17015E-02
    0.88079E+00,    0.17956E+01,    0.17229E-02
    0.78871E+00,    0.18379E+01,    0.16824E-02
    0.69461E+00,    0.18755E+01,    0.16450E-02
    0.59873E+00,    0.19083E+01,    0.16108E-02
    0.50131E+00,    0.19362E+01,    0.15798E-02
    0.40260E+00,    0.19591E+01,    0.15521E-02
    0.30286E+00,    0.19769E+01,    0.15279E-02
    0.20234E+00,    0.19897E+01,    0.15072E-02
    0.10130E+00,    0.19974E+01,    0.14903E-02
    0.12246E-15,    0.20000E+01,    0.14773E-02
   -0.10130E+00,    0.19974E+01,    0.14685E-02
   -0.20234E+00,    0.19897E+01,    0.14639E-02
   -0.30286E+00,    0.19769E+01,    0.14639E-02
   -0.40260E+00,    0.19591E+01,    0.14685E-02
   -0.50131E+00,    0.19362E+01,    0.14780E-02
   -0.59873E+00,    0.19083E+01,    0.14924E-02
   -0.69461E+00,    0.18755E+01,    0.15118E-02
   -0.78871E+00,    0.18379E+01,    0.15362E-02
   -0.88079E+00,    0.17956E+01,    0.15658E-02
   -0.97060E+00,    0.17487E+01,    0.15557E-02
   -0.10579E+01,    0.16973E+01,    0.15814E-02
   -0.11425E+01,    0.16415E+01,    0.15372E-02
   -0.12242E+01,    0.15816E+01,    0.14981E-02
   -0.13027E+01,    0.15175E+01,    0.14643E-02
   -0.13779E+01,    0.14496E+01,    0.14359E-02
   -0.14496E+01,    0.13779E+01,    0.14130E-02
   -0.15175E+01,    0.13027E+01,    0.13956E-02
   -0.15816E+01,    0.12242E+01,    0.13838E-02
   -0.16415E+01,    0.11425E+01,    0.13777E-02
   -0.16973E+01,    0.10579E+01,    0.13771E-02
   -0.17487E+01,    0.97060E+00,    0.13820E-02
   -0.17956E+01,    0.88079E+00,    0.13924E-02
   -0.18379E+01,    0.78871E+00,    0.14080E-02
   -0.18755E+01,    0.69461E+00,    0.14288E-02
   -0.19083E+01,    0.59873E+00,    0.14545E-02
   -0.19362E+01,    0.50131E+00,    0.14849E-02
   -0.19591E+01,    0.40260E+00,    0.15198E-02
   -0.19769E+01,    0.30286E+00,    0.15590E-02
   -0.19897E+01,    0.20234E+00,    0.16024E-02
   -0.19974E+01,    0.10130E+00,    0.16498E-02
   -0.20000E+01,    0.24493E-15,    0.16306E-02
   -0.19974E+01,   -0.10130E+00,    0.16672E-02
   -0.19897E+01,   -0.20234E+00,    0.16407E-02
   -0.19769E+01,   -0.30286E+00,    0.16182E-02
   -0.19591E+01,   -0.40260E+00,    0.15998E-02
   -0.19362E+01,   -0.50131E+00,    0.15852E-02
   -0.19083E+01,   -0.59873E+00,    0.15743E-02
   -0.18755E+01,   -0.69461E+00,    0.15670E-02
   -0.18379E+01,   -0.78871E+00,    0.15632E-02
   -0.17956E+01,   -0.88079E+00,    0.15626E-02
   -0.17487E+01,   -0.97060E+00,    0.15652E-02
   -0.16973E+01,   -0.10579E+01,    0.15709E-02
   -0.16415E+01,   -0.11425E+01,    0.15795E-02
   -0.15816E+01,   -0.12242E+01,    0.15910E-02
   -0.15175E+01,   -0.13027E+01,    0.16055E-02
   -0.14496E+01,   -0.13779E+01,    0.16229E-02
   -0.13779E+01,   -0.14496E+01,    0.16432E-02
   -0.13027E+01,   -0.15175E+01,    0.16665E-02
   -0.12242E+01,   -0.15816E+01,    0.16929E-02
   -0.11425E+01,   -0.16415E+01,    0.17225E-02
   -0.10579E+01,   -0.16973E+01,    0.17553E-02
   -0.97060E+00,   -0.17487E+01,    0.17015E-02
   -0.88079E+00,   -0.17956E+01,    0.17229E-02
   -0.78871E+00,   -0.18379E+01,    0.16824E-02
   -0.69461E+00,   -0.18755E+01,    0.16450E-02
   -0.59873E+00,   -0.19083E+01,    0.16108E-02
   -0.50131E+00,   -0.19362E+01,    0.15798E-02
   -0.40260E+00,   -0.19591E+01,    0.15521E-02
   -0.30286E+00,   -0.19769E+01,    0.15279E-02
   -0.20234E+00,   -0.19897E+01,    0.15072E-02
   -0.10130E+00,   -0.19974E+01,    0.14903E-02
    0.12246E-15,   -0.20000E+01,    0.14773E-02
    0.10130E+00,   -0.19974E+01,    0.14685E-02
    0.20234E+00,   -0.19897E+01,    0.14639E-02
    0.30286E+00,   -0.19769E+01,    0.14639E-02
    0.40260E+00,   -0.19591E+01,    0.14685E-02
    0.50131E+00,   -0.19362E+01,    0.14780E-02
    0.59873E+00,   -0.19083E+01,    0.14924E-02
    0.69461E+00,   -0.18755E+01,    0.15118E-02
    0.78871E+00,   -0.18379E+01,    0.15362E-02
    0.88079E+00,   -0.17956E+01,    0.15658E-02
    0.97060E+00,   -0.17487E+01,    0.15557E-02
    0.10579E+01,   -0.16973E+01,    0.15814E-02
    0.11425E+01,   -0.16415E+01,    0.15372E-02
    0.12242E+01,   -0.15816E+01,    0.14981E-02
    0.13027E+01,   -0.15175E+01,    0.14643E-02
    0.13779E+01,   -0.14496E+01,    0.14359E-02
    0.14496E+01,   -0.13779E+01,    0.14130E-02
    0.15175E+01,   -0.13027E+01,    0.13956E-02
    0.15816E+01,   -0.12242E+01,    0.13838E-02
    0.16415E+01,   -0.11425E+01,    0.13777E-02
    0.16973E+01,   -0.10579E+01,    0.13771E-02
    0.17487E+01,   -0.97060E+00,    0.13820E-02
    0.17956E+01,   -0.88079E+00,    0.13924E-02
    0.18379E+01,   -0.78871E+00,    0.14080E-02
    0.18755E+01,   -0.69461E+00,    0.14288E-02
    0.19083E+01,   -0.59873E+00,    0.14545E-02
    0.19362E+01,   -0.50131E+00,    0.14849E-02
    0.19591E+01,   -0.40260E+00,    0.15198E-02
    0.19769E+01,   -0.30286E+00,    0.15590E-02
    0.19897E+01,   -0.20234E+00,    0.16024E-02
    0.19974E+01,   -0.10130E+00,    0.16498E-02
